objectid,title,creator,date,description,subject,location,source,publisher,date_digital,acknowledgement,rights,type,format,identifier,language,citation,oclc_number,date_update1,date_update2,reference_url,cdmid,contentdm_file_name,contentdm_file_path
sa1921flood0,Saint Mary's Street Bridge,United States. Army. Corps of Engineers,1921,Transcription: St. Mary's St Bridge 1921 [crossed out] Navarro,floods; bridges,San Antonio (Tex.),,"Elizabeth Huth Coates Library Special Collections & Archives, Trinity University.",2021,"Materials in this collection were acquired from Dr. Char Miller, the W.M. Keck Professor of Environmental Analysis and History at Pomona College.  Digitization was performed by students Anam Mehta (Pomona College), Natalie Quek (Scripps College), and Katie Graham (Scripps College).","This item may be protected by copyright law (Title 17, U.S. Code). It may only be used for noncommercial educational and scholarly purposes. Please contact Special Collections and University Archives at archives@trinity.edu to inquire about permission to use a specific digital resource.",Photographic prints,image/jpeg,BB043d,eng,"[Image title], Coates Library Digital Collections, Trinity University, San Antonio, Texas.",,2021-03-10,2021-03-10,http://cdm16264.contentdm.oclc.org/cdm/ref/collection/sa1921flood/id/0,0,19.jp2,/sa1921flood/image/19.jp2
sa1921flood1,Damaged Home on South Flores Street,United States. Army. Corps of Engineers,1921,Transcription: San Pedro Creek S. Flores St.,floods; houses,San Antonio (Tex.),,"Elizabeth Huth Coates Library Special Collections & Archives, Trinity University.",2021,"Materials in this collection were acquired from Dr. Char Miller, the W.M. Keck Professor of Environmental Analysis and History at Pomona College.  Digitization was performed by students Anam Mehta (Pomona College), Natalie Quek (Scripps College), and Katie Graham (Scripps College).","This item may be protected by copyright law (Title 17, U.S. Code). It may only be used for noncommercial educational and scholarly purposes. Please contact Special Collections and University Archives at archives@trinity.edu to inquire about permission to use a specific digital resource.",Photographic prints,image/jpeg,BB047a,eng,"[Image title], Coates Library Digital Collections, Trinity University, San Antonio, Texas.",,2021-03-10,2021-03-10,http://cdm16264.contentdm.oclc.org/cdm/ref/collection/sa1921flood/id/1,1,17.jp2,/sa1921flood/image/17.jp2
sa1921flood2,Damaged Railway,United States. Army. Corps of Engineers,1921,Transcription: Alazan Creek I. & G.N.R.R.,floods; railroads,San Antonio (Tex.),,"Elizabeth Huth Coates Library Special Collections & Archives, Trinity University.",2021,"Materials in this collection were acquired from Dr. Char Miller, the W.M. Keck Professor of Environmental Analysis and History at Pomona College.  Digitization was performed by students Anam Mehta (Pomona College), Natalie Quek (Scripps College), and Katie Graham (Scripps College).","This item may be protected by copyright law (Title 17, U.S. Code). It may only be used for noncommercial educational and scholarly purposes. Please contact Special Collections and University Archives at archives@trinity.edu to inquire about permission to use a specific digital resource.",Photographic prints,image/jpeg,BB046a,eng,"[Image title], Coates Library Digital Collections, Trinity University, San Antonio, Texas.",,2021-03-10,2021-03-10,http://cdm16264.contentdm.oclc.org/cdm/ref/collection/sa1921flood/id/2,2,6.jp2,/sa1921flood/image/6.jp2
sa1921flood3,"Saint Mary's Catholic Church, Oblate Fathers House",United States. Army. Corps of Engineers,1921,,floods; churches; automobiles,San Antonio (Tex.),,"Elizabeth Huth Coates Library Special Collections & Archives, Trinity University.",2021,"Materials in this collection were acquired from Dr. Char Miller, the W.M. Keck Professor of Environmental Analysis and History at Pomona College.  Digitization was performed by students Anam Mehta (Pomona College), Natalie Quek (Scripps College), and Katie Graham (Scripps College).","This item may be protected by copyright law (Title 17, U.S. Code). It may only be used for noncommercial educational and scholarly purposes. Please contact Special Collections and University Archives at archives@trinity.edu to inquire about permission to use a specific digital resource.",Photographic prints,image/jpeg,BB043a,eng,"[Image title], Coates Library Digital Collections, Trinity University, San Antonio, Texas.",,2021-03-10,2021-03-10,http://cdm16264.contentdm.oclc.org/cdm/ref/collection/sa1921flood/id/3,3,18.jp2,/sa1921flood/image/18.jp2
sa1921flood4,Alazan Creek,United States. Army. Corps of Engineers,1921,Transcription: Alazan Creek,floods,San Antonio (Tex.),,"Elizabeth Huth Coates Library Special Collections & Archives, Trinity University.",2021,"Materials in this collection were acquired from Dr. Char Miller, the W.M. Keck Professor of Environmental Analysis and History at Pomona College.  Digitization was performed by students Anam Mehta (Pomona College), Natalie Quek (Scripps College), and Katie Graham (Scripps College).","This item may be protected by copyright law (Title 17, U.S. Code). It may only be used for noncommercial educational and scholarly purposes. Please contact Special Collections and University Archives at archives@trinity.edu to inquire about permission to use a specific digital resource.",Photographic prints,image/jpeg,BB046b,eng,"[Image title], Coates Library Digital Collections, Trinity University, San Antonio, Texas.",,2021-03-10,2021-03-10,http://cdm16264.contentdm.oclc.org/cdm/ref/collection/sa1921flood/id/4,4,2.jp2,/sa1921flood/image/2.jp2
sa1921flood5,Alazan Creek,United States. Army. Corps of Engineers,1921,Transcription: Alazan Creek,floods,San Antonio (Tex.),,"Elizabeth Huth Coates Library Special Collections & Archives, Trinity University.",2021,"Materials in this collection were acquired from Dr. Char Miller, the W.M. Keck Professor of Environmental Analysis and History at Pomona College.  Digitization was performed by students Anam Mehta (Pomona College), Natalie Quek (Scripps College), and Katie Graham (Scripps College).","This item may be protected by copyright law (Title 17, U.S. Code). It may only be used for noncommercial educational and scholarly purposes. Please contact Special Collections and University Archives at archives@trinity.edu to inquire about permission to use a specific digital resource.",Photographic prints,image/jpeg,BB044b,eng,"[Image title], Coates Library Digital Collections, Trinity University, San Antonio, Texas.",,2021-03-10,2021-03-10,http://cdm16264.contentdm.oclc.org/cdm/ref/collection/sa1921flood/id/5,5,20.jp2,/sa1921flood/image/20.jp2
sa1921flood6,College Street,United States. Army. Corps of Engineers,1921,Transcription: College St Sept 10-21,floods; streets,San Antonio (Tex.),,"Elizabeth Huth Coates Library Special Collections & Archives, Trinity University.",2021,"Materials in this collection were acquired from Dr. Char Miller, the W.M. Keck Professor of Environmental Analysis and History at Pomona College.  Digitization was performed by students Anam Mehta (Pomona College), Natalie Quek (Scripps College), and Katie Graham (Scripps College).","This item may be protected by copyright law (Title 17, U.S. Code). It may only be used for noncommercial educational and scholarly purposes. Please contact Special Collections and University Archives at archives@trinity.edu to inquire about permission to use a specific digital resource.",Photographic prints,image/jpeg,BB043b,eng,"[Image title], Coates Library Digital Collections, Trinity University, San Antonio, Texas.",,2021-03-10,2021-03-10,http://cdm16264.contentdm.oclc.org/cdm/ref/collection/sa1921flood/id/6,6,14.jp2,/sa1921flood/image/14.jp2
sa1921flood7,Houston Street,United States. Army. Corps of Engineers,1921,Transcription: Taken 6:30 a.m. Sat-Sep. 10-1921 Houston St North from bridge 1921,floods,San Antonio (Tex.),,"Elizabeth Huth Coates Library Special Collections & Archives, Trinity University.",2021,"Materials in this collection were acquired from Dr. Char Miller, the W.M. Keck Professor of Environmental Analysis and History at Pomona College.  Digitization was performed by students Anam Mehta (Pomona College), Natalie Quek (Scripps College), and Katie Graham (Scripps College).","This item may be protected by copyright law (Title 17, U.S. Code). It may only be used for noncommercial educational and scholarly purposes. Please contact Special Collections and University Archives at archives@trinity.edu to inquire about permission to use a specific digital resource.",Photographic prints,image/jpeg,BB045c,eng,"[Image title], Coates Library Digital Collections, Trinity University, San Antonio, Texas.",,2021-03-10,2021-03-10,http://cdm16264.contentdm.oclc.org/cdm/ref/collection/sa1921flood/id/7,7,8.jp2,/sa1921flood/image/8.jp2
sa1921flood8,BB045a,United States. Army. Corps of Engineers,1921,,floods; men,San Antonio (Tex.),,"Elizabeth Huth Coates Library Special Collections & Archives, Trinity University.",2021,"Materials in this collection were acquired from Dr. Char Miller, the W.M. Keck Professor of Environmental Analysis and History at Pomona College.  Digitization was performed by students Anam Mehta (Pomona College), Natalie Quek (Scripps College), and Katie Graham (Scripps College).","This item may be protected by copyright law (Title 17, U.S. Code). It may only be used for noncommercial educational and scholarly purposes. Please contact Special Collections and University Archives at archives@trinity.edu to inquire about permission to use a specific digital resource.",Photographic prints,image/jpeg,BB045a,eng,"[Image title], Coates Library Digital Collections, Trinity University, San Antonio, Texas.",,2021-03-10,2021-03-10,http://cdm16264.contentdm.oclc.org/cdm/ref/collection/sa1921flood/id/8,8,3.jp2,/sa1921flood/image/3.jp2
sa1921flood9,Pontoon Boat on Saint Mary's Street,United States. Army. Corps of Engineers,1921,Transcription: Pontoon Boat St. Marys St Sept. 21- Looking north. Gunter Hotel,floods; boats; hotels; streets,San Antonio (Tex.),,"Elizabeth Huth Coates Library Special Collections & Archives, Trinity University.",2021,"Materials in this collection were acquired from Dr. Char Miller, the W.M. Keck Professor of Environmental Analysis and History at Pomona College.  Digitization was performed by students Anam Mehta (Pomona College), Natalie Quek (Scripps College), and Katie Graham (Scripps College).","This item may be protected by copyright law (Title 17, U.S. Code). It may only be used for noncommercial educational and scholarly purposes. Please contact Special Collections and University Archives at archives@trinity.edu to inquire about permission to use a specific digital resource.",Photographic prints,image/jpeg,BB043c,eng,"[Image title], Coates Library Digital Collections, Trinity University, San Antonio, Texas.",,2021-03-10,2021-03-10,http://cdm16264.contentdm.oclc.org/cdm/ref/collection/sa1921flood/id/9,9,5.jp2,/sa1921flood/image/5.jp2
sa1921flood10,Damage from Alazan Creek,United States. Army. Corps of Engineers,1921,Transcription: Alazan Damage 1921,floods,San Antonio (Tex.),,"Elizabeth Huth Coates Library Special Collections & Archives, Trinity University.",2021,"Materials in this collection were acquired from Dr. Char Miller, the W.M. Keck Professor of Environmental Analysis and History at Pomona College.  Digitization was performed by students Anam Mehta (Pomona College), Natalie Quek (Scripps College), and Katie Graham (Scripps College).","This item may be protected by copyright law (Title 17, U.S. Code). It may only be used for noncommercial educational and scholarly purposes. Please contact Special Collections and University Archives at archives@trinity.edu to inquire about permission to use a specific digital resource.",Photographic prints,image/jpeg,BB044c,eng,"[Image title], Coates Library Digital Collections, Trinity University, San Antonio, Texas.",,2021-03-10,2021-03-10,http://cdm16264.contentdm.oclc.org/cdm/ref/collection/sa1921flood/id/10,10,11.jp2,/sa1921flood/image/11.jp2
sa1921flood11,South Flores Street,United States. Army. Corps of Engineers,1921,Transcription: San Pedro Creek S. Flores St.,floods; streets,San Antonio (Tex.),,"Elizabeth Huth Coates Library Special Collections & Archives, Trinity University.",2021,"Materials in this collection were acquired from Dr. Char Miller, the W.M. Keck Professor of Environmental Analysis and History at Pomona College.  Digitization was performed by students Anam Mehta (Pomona College), Natalie Quek (Scripps College), and Katie Graham (Scripps College).","This item may be protected by copyright law (Title 17, U.S. Code). It may only be used for noncommercial educational and scholarly purposes. Please contact Special Collections and University Archives at archives@trinity.edu to inquire about permission to use a specific digital resource.",Photographic prints,image/jpeg,BB047b,eng,"[Image title], Coates Library Digital Collections, Trinity University, San Antonio, Texas.",,2021-03-10,2021-03-10,http://cdm16264.contentdm.oclc.org/cdm/ref/collection/sa1921flood/id/11,11,15.jp2,/sa1921flood/image/15.jp2
sa1921flood12,Apache Creek at South Laredo Street,United States. Army. Corps of Engineers,1921,"Transcription: Apache Creek S Laredo St. Length 103' 9'0"" Highwater 6'0""",floods; bridges,San Antonio (Tex.),,"Elizabeth Huth Coates Library Special Collections & Archives, Trinity University.",2021,"Materials in this collection were acquired from Dr. Char Miller, the W.M. Keck Professor of Environmental Analysis and History at Pomona College.  Digitization was performed by students Anam Mehta (Pomona College), Natalie Quek (Scripps College), and Katie Graham (Scripps College).","This item may be protected by copyright law (Title 17, U.S. Code). It may only be used for noncommercial educational and scholarly purposes. Please contact Special Collections and University Archives at archives@trinity.edu to inquire about permission to use a specific digital resource.",Photographic prints,image/jpeg,AA042c,eng,"[Image title], Coates Library Digital Collections, Trinity University, San Antonio, Texas.",,2021-03-10,2021-03-10,http://cdm16264.contentdm.oclc.org/cdm/ref/collection/sa1921flood/id/12,12,7.jp2,/sa1921flood/image/7.jp2
sa1921flood13,Elmendorf Lake Dam,United States. Army. Corps of Engineers,1921,Transcription: Dam Elmendorf Lake. Head of Apache Creek.,floods; dams; lakes & ponds,San Antonio (Tex.),,"Elizabeth Huth Coates Library Special Collections & Archives, Trinity University.",2021,"Materials in this collection were acquired from Dr. Char Miller, the W.M. Keck Professor of Environmental Analysis and History at Pomona College.  Digitization was performed by students Anam Mehta (Pomona College), Natalie Quek (Scripps College), and Katie Graham (Scripps College).","This item may be protected by copyright law (Title 17, U.S. Code). It may only be used for noncommercial educational and scholarly purposes. Please contact Special Collections and University Archives at archives@trinity.edu to inquire about permission to use a specific digital resource.",Photographic prints,image/jpeg,AA042a,eng,"[Image title], Coates Library Digital Collections, Trinity University, San Antonio, Texas.",,2021-03-10,2021-03-10,http://cdm16264.contentdm.oclc.org/cdm/ref/collection/sa1921flood/id/13,13,13.jp2,/sa1921flood/image/13.jp2
sa1921flood14,AA042d,United States. Army. Corps of Engineers,1921,,floods; houses,San Antonio (Tex.),,"Elizabeth Huth Coates Library Special Collections & Archives, Trinity University.",2021,"Materials in this collection were acquired from Dr. Char Miller, the W.M. Keck Professor of Environmental Analysis and History at Pomona College.  Digitization was performed by students Anam Mehta (Pomona College), Natalie Quek (Scripps College), and Katie Graham (Scripps College).","This item may be protected by copyright law (Title 17, U.S. Code). It may only be used for noncommercial educational and scholarly purposes. Please contact Special Collections and University Archives at archives@trinity.edu to inquire about permission to use a specific digital resource.",Photographic prints,image/jpeg,AA042d,eng,"[Image title], Coates Library Digital Collections, Trinity University, San Antonio, Texas.",,2021-03-10,2021-03-10,http://cdm16264.contentdm.oclc.org/cdm/ref/collection/sa1921flood/id/14,14,12.jp2,/sa1921flood/image/12.jp2
sa1921flood15,Buena Vista Playground Wreckage,United States. Army. Corps of Engineers,1921,Transcription: All that remains of Buena Vista play grounds. Alazan Creek,floods; playgrounds,San Antonio (Tex.),,"Elizabeth Huth Coates Library Special Collections & Archives, Trinity University.",2021,"Materials in this collection were acquired from Dr. Char Miller, the W.M. Keck Professor of Environmental Analysis and History at Pomona College.  Digitization was performed by students Anam Mehta (Pomona College), Natalie Quek (Scripps College), and Katie Graham (Scripps College).","This item may be protected by copyright law (Title 17, U.S. Code). It may only be used for noncommercial educational and scholarly purposes. Please contact Special Collections and University Archives at archives@trinity.edu to inquire about permission to use a specific digital resource.",Photographic prints,image/jpeg,BB044d,eng,"[Image title], Coates Library Digital Collections, Trinity University, San Antonio, Texas.",,2021-03-10,2021-03-10,http://cdm16264.contentdm.oclc.org/cdm/ref/collection/sa1921flood/id/15,15,16.jp2,/sa1921flood/image/16.jp2
sa1921flood16,Apache Creek at Guadalupe Street,United States. Army. Corps of Engineers,1921,"Transcription: Apache Creek Guadalupe St. Length 83'. Highwater 7'0"", 9'4""",floods; bridges,San Antonio (Tex.),,"Elizabeth Huth Coates Library Special Collections & Archives, Trinity University.",2021,"Materials in this collection were acquired from Dr. Char Miller, the W.M. Keck Professor of Environmental Analysis and History at Pomona College.  Digitization was performed by students Anam Mehta (Pomona College), Natalie Quek (Scripps College), and Katie Graham (Scripps College).","This item may be protected by copyright law (Title 17, U.S. Code). It may only be used for noncommercial educational and scholarly purposes. Please contact Special Collections and University Archives at archives@trinity.edu to inquire about permission to use a specific digital resource.",Photographic prints,image/jpeg,AA042b,eng,"[Image title], Coates Library Digital Collections, Trinity University, San Antonio, Texas.",,2021-03-10,2021-03-10,http://cdm16264.contentdm.oclc.org/cdm/ref/collection/sa1921flood/id/16,16,9.jp2,/sa1921flood/image/9.jp2
sa1921flood17,Homes Washed Away,United States. Army. Corps of Engineers,1921,Transcription: Dozens of homes washed away Alazan,floods,San Antonio (Tex.),,"Elizabeth Huth Coates Library Special Collections & Archives, Trinity University.",2021,"Materials in this collection were acquired from Dr. Char Miller, the W.M. Keck Professor of Environmental Analysis and History at Pomona College.  Digitization was performed by students Anam Mehta (Pomona College), Natalie Quek (Scripps College), and Katie Graham (Scripps College).","This item may be protected by copyright law (Title 17, U.S. Code). It may only be used for noncommercial educational and scholarly purposes. Please contact Special Collections and University Archives at archives@trinity.edu to inquire about permission to use a specific digital resource.",Photographic prints,image/jpeg,BB044a,eng,"[Image title], Coates Library Digital Collections, Trinity University, San Antonio, Texas.",,2021-03-10,2021-03-10,http://cdm16264.contentdm.oclc.org/cdm/ref/collection/sa1921flood/id/17,17,4.jp2,/sa1921flood/image/4.jp2
sa1921flood18,Gunter Hotel,United States. Army. Corps of Engineers,1921,Transcription: Gunter Hotel E. Houston St,floods; hotels,San Antonio (Tex.),,"Elizabeth Huth Coates Library Special Collections & Archives, Trinity University.",2021,"Materials in this collection were acquired from Dr. Char Miller, the W.M. Keck Professor of Environmental Analysis and History at Pomona College.  Digitization was performed by students Anam Mehta (Pomona College), Natalie Quek (Scripps College), and Katie Graham (Scripps College).","This item may be protected by copyright law (Title 17, U.S. Code). It may only be used for noncommercial educational and scholarly purposes. Please contact Special Collections and University Archives at archives@trinity.edu to inquire about permission to use a specific digital resource.",Photographic prints,image/jpeg,BB045b,eng,"[Image title], Coates Library Digital Collections, Trinity University, San Antonio, Texas.",,2021-03-10,2021-03-10,http://cdm16264.contentdm.oclc.org/cdm/ref/collection/sa1921flood/id/18,18,10.jp2,/sa1921flood/image/10.jp2
sa1921flood19,East Houston Street,United States. Army. Corps of Engineers,1921,Transcription: E. Houston St. from bridge east daybreak Sep 1921,floods; streets,San Antonio (Tex.),,"Elizabeth Huth Coates Library Special Collections & Archives, Trinity University.",2021,"Materials in this collection were acquired from Dr. Char Miller, the W.M. Keck Professor of Environmental Analysis and History at Pomona College.  Digitization was performed by students Anam Mehta (Pomona College), Natalie Quek (Scripps College), and Katie Graham (Scripps College).","This item may be protected by copyright law (Title 17, U.S. Code). It may only be used for noncommercial educational and scholarly purposes. Please contact Special Collections and University Archives at archives@trinity.edu to inquire about permission to use a specific digital resource.",Photographic prints,image/jpeg,BB045d,eng,"[Image title], Coates Library Digital Collections, Trinity University, San Antonio, Texas.",,2021-03-10,2021-03-10,http://cdm16264.contentdm.oclc.org/cdm/ref/collection/sa1921flood/id/19,19,1.jp2,/sa1921flood/image/1.jp2
sa1921flood20,Map of San Antonio...Showing Amount of Rainfall and Area of Watersheds,United States. Army. Corps of Engineers,1921,"Map of San Antonio, Texas and Vicinity showing amount of rainfall and area of watersheds of the San Antonio River, Olmos, Martinez, Alazan, Zarzamora (Apache) and San Pedro Creeks. Sept. 9th & 10th 1921. Scale 1:62500. Countour Interval 10 ft. Prepared in Office of the Engineer, Eigth Corps Area. Data drawn by Aug. Rehberg, Jr. Date: September 17th 1921. Base U.S.G.S. and P.M.M. Sheets.",maps; floods,San Antonio (Tex.),,"Elizabeth Huth Coates Library Special Collections & Archives, Trinity University.",2021,"Materials in this collection were acquired from Dr. Char Miller, the W.M. Keck Professor of Environmental Analysis and History at Pomona College.  Digitization was performed by students Anam Mehta (Pomona College), Natalie Quek (Scripps College), and Katie Graham (Scripps College).","This item may be protected by copyright law (Title 17, U.S. Code). It may only be used for noncommercial educational and scholarly purposes. Please contact Special Collections and University Archives at archives@trinity.edu to inquire about permission to use a specific digital resource.",Maps,image/jpeg,map1,eng,"[Image title], Coates Library Digital Collections, Trinity University, San Antonio, Texas.",,2021-03-10,2021-03-10,http://cdm16264.contentdm.oclc.org/cdm/ref/collection/sa1921flood/id/20,20,21.jp2,/sa1921flood/image/21.jp2
sa1921flood21,"San Antonio, Texas Showing Area Flooded",United States. Army. Corps of Engineers,1921,"San Antonio,Texas showing area flooded Sept. 9-10 1921. Scale 1 inch=1200'. Contour Interval 2ft. Prepared in Office of the Engineer, Eighth Corps Area. Base map furnished by City Engineer, San Antonio, Texas. Data drawn by Frank J. Nixon. Date September 24-1921. Large figures in flooded area indicate maximum depths of water.",maps; floods,San Antonio (Tex.),,"Elizabeth Huth Coates Library Special Collections & Archives, Trinity University.",2021,"Materials in this collection were acquired from Dr. Char Miller, the W.M. Keck Professor of Environmental Analysis and History at Pomona College.  Digitization was performed by students Anam Mehta (Pomona College), Natalie Quek (Scripps College), and Katie Graham (Scripps College).","This item may be protected by copyright law (Title 17, U.S. Code). It may only be used for noncommercial educational and scholarly purposes. Please contact Special Collections and University Archives at archives@trinity.edu to inquire about permission to use a specific digital resource.",Maps,image/jpeg,map2,eng,"[Image title], Coates Library Digital Collections, Trinity University, San Antonio, Texas.",,2021-03-10,2021-03-10,http://cdm16264.contentdm.oclc.org/cdm/ref/collection/sa1921flood/id/21,21,22.jp2,/sa1921flood/image/22.jp2
sa1921flood22,Aerial Mosaic Showing Romana-Houston Street Cut-off,United States. Army. Corps of Engineers,1921,"Transcription: Exhibit J. Aerial Mosaics Showing Romana-Houston Street Cut-off. Photos by 1st Lts. Halsey L. Bingham, and Harold L. Rivers, Air Service.",floods; aerial photographs,San Antonio (Tex.),,"Elizabeth Huth Coates Library Special Collections & Archives, Trinity University.",2021,"Materials in this collection were acquired from Dr. Char Miller, the W.M. Keck Professor of Environmental Analysis and History at Pomona College.  Digitization was performed by students Anam Mehta (Pomona College), Natalie Quek (Scripps College), and Katie Graham (Scripps College).","This item may be protected by copyright law (Title 17, U.S. Code). It may only be used for noncommercial educational and scholarly purposes. Please contact Special Collections and University Archives at archives@trinity.edu to inquire about permission to use a specific digital resource.",Photographic prints,image/jpeg,J032,eng,"[Image title], Coates Library Digital Collections, Trinity University, San Antonio, Texas.",,2021-03-25,2021-03-25,http://cdm16264.contentdm.oclc.org/cdm/ref/collection/sa1921flood/id/22,22,25.jp2,/sa1921flood/image/25.jp2
sa1921flood23,Aerial Mosaic Showing Arsenal Street Cut-off,United States. Army. Corps of Engineers,1921,"Transcription: Exhibit M. Aerial Mosaic Showing Arsenal Street Cut-off. Photos by 1st Lts. Halsey L. Bingham and Harold L. Rivers, Air Service.",floods; aerial photographs,San Antonio (Tex.),,"Elizabeth Huth Coates Library Special Collections & Archives, Trinity University.",2021,"Materials in this collection were acquired from Dr. Char Miller, the W.M. Keck Professor of Environmental Analysis and History at Pomona College.  Digitization was performed by students Anam Mehta (Pomona College), Natalie Quek (Scripps College), and Katie Graham (Scripps College).","This item may be protected by copyright law (Title 17, U.S. Code). It may only be used for noncommercial educational and scholarly purposes. Please contact Special Collections and University Archives at archives@trinity.edu to inquire about permission to use a specific digital resource.",Photographic prints,image/jpeg,M036,eng,"[Image title], Coates Library Digital Collections, Trinity University, San Antonio, Texas.",,2021-03-25,2021-03-25,http://cdm16264.contentdm.oclc.org/cdm/ref/collection/sa1921flood/id/23,23,24.jp2,/sa1921flood/image/24.jp2
sa1921flood24,Park Hills Estates Advertisement,"Thorman, H.C.",,Park Hills Estates advertisements appealed the city's automobile-owning elite.,dams; real estate development; advertisements,San Antonio (Tex.),,"Elizabeth Huth Coates Library Special Collections & Archives, Trinity University.",2021,"Materials in this collection were acquired from Dr. Char Miller, the W.M. Keck Professor of Environmental Analysis and History at Pomona College.  Digitization was performed by students Anam Mehta (Pomona College), Natalie Quek (Scripps College), and Katie Graham (Scripps College).","This item may be protected by copyright law (Title 17, U.S. Code). It may only be used for noncommercial educational and scholarly purposes. Please contact Special Collections and University Archives at archives@trinity.edu to inquire about permission to use a specific digital resource.",Photographic prints,image/jpeg,,eng,"[Image title], Coates Library Digital Collections, Trinity University, San Antonio, Texas.",,2021-03-25,2021-03-25,http://cdm16264.contentdm.oclc.org/cdm/ref/collection/sa1921flood/id/24,24,23.jp2,/sa1921flood/image/23.jp2
sa1921flood25,"Aerial Mosaic Showing ""Great Bend"" Nueva Street Cut-off",United States. Army. Corps of Engineers,1921,"Transcription: Exhibit K. Aerial Mosaic Showing ""Great Bend"" -Nueva Street Cut-off. Photos by 1st Lts. Halsey L. Bingham, and Harold L. Rivers, Air Service.",floods; aerial photographs,San Antonio (Tex.),,"Elizabeth Huth Coates Library Special Collections & Archives, Trinity University.",2021,"Materials in this collection were acquired from Dr. Char Miller, the W.M. Keck Professor of Environmental Analysis and History at Pomona College.  Digitization was performed by students Anam Mehta (Pomona College), Natalie Quek (Scripps College), and Katie Graham (Scripps College).","This item may be protected by copyright law (Title 17, U.S. Code). It may only be used for noncommercial educational and scholarly purposes. Please contact Special Collections and University Archives at archives@trinity.edu to inquire about permission to use a specific digital resource.",Photographic prints,image/jpeg,K033,eng,"[Image title], Coates Library Digital Collections, Trinity University, San Antonio, Texas.",,2021-03-25,2021-03-25,http://cdm16264.contentdm.oclc.org/cdm/ref/collection/sa1921flood/id/25,25,27.jp2,/sa1921flood/image/27.jp2
sa1921flood26,Composite of Aerial Photographs (Flight No. 1),United States. Army. Corps of Engineers,1921,"Transcription: Flight No. 1. Flood of September 9-10, 1921. Photos by: 1st Lts. Halsey L. Bingham and Harold L. Rivers, Air Service.",aerial photographs; floods,San Antonio (Tex.),,"Elizabeth Huth Coates Library Special Collections & Archives, Trinity University.",2021,"Materials in this collection were acquired from Dr. Char Miller, the W.M. Keck Professor of Environmental Analysis and History at Pomona College.  Digitization was performed by students Anam Mehta (Pomona College), Natalie Quek (Scripps College), and Katie Graham (Scripps College).","This item may be protected by copyright law (Title 17, U.S. Code). It may only be used for noncommercial educational and scholarly purposes. Please contact Special Collections and University Archives at archives@trinity.edu to inquire about permission to use a specific digital resource.",Photographic prints,image/jpeg,aerialphoto_flight1,eng,"[Image title], Coates Library Digital Collections, Trinity University, San Antonio, Texas.",,2021-03-25,2021-03-25,http://cdm16264.contentdm.oclc.org/cdm/ref/collection/sa1921flood/id/26,26,28.jp2,/sa1921flood/image/28.jp2
sa1921flood27,"Aerial Mosaic Showing 9th Street, 4th Street or Trenton Avenue Cut-offs",United States. Army. Corps of Engineers,1921,"Transcription: Exhibit H. Aerial Mosaics Showing 9th Street, 4th Street or Trenton Avenue Cut-offs. Photos by 1st Lts. Halsey L. Bingham, and Harold L. Rivers, Air Service.",floods; aerial photographs,San Antonio (Tex.),,"Elizabeth Huth Coates Library Special Collections & Archives, Trinity University.",2021,"Materials in this collection were acquired from Dr. Char Miller, the W.M. Keck Professor of Environmental Analysis and History at Pomona College.  Digitization was performed by students Anam Mehta (Pomona College), Natalie Quek (Scripps College), and Katie Graham (Scripps College).","This item may be protected by copyright law (Title 17, U.S. Code). It may only be used for noncommercial educational and scholarly purposes. Please contact Special Collections and University Archives at archives@trinity.edu to inquire about permission to use a specific digital resource.",Photographic prints,image/jpeg,H031,eng,"[Image title], Coates Library Digital Collections, Trinity University, San Antonio, Texas.",,2021-03-25,2021-03-25,http://cdm16264.contentdm.oclc.org/cdm/ref/collection/sa1921flood/id/27,27,30.jp2,/sa1921flood/image/30.jp2
sa1921flood28,Composite of Aerial Photographs,United States. Army. Corps of Engineers,1921,,floods; aerial photographs,San Antonio (Tex.),,"Elizabeth Huth Coates Library Special Collections & Archives, Trinity University.",2021,"Materials in this collection were acquired from Dr. Char Miller, the W.M. Keck Professor of Environmental Analysis and History at Pomona College.  Digitization was performed by students Anam Mehta (Pomona College), Natalie Quek (Scripps College), and Katie Graham (Scripps College).","This item may be protected by copyright law (Title 17, U.S. Code). It may only be used for noncommercial educational and scholarly purposes. Please contact Special Collections and University Archives at archives@trinity.edu to inquire about permission to use a specific digital resource.",Photographic prints,image/jpeg,Efull1,eng,"[Image title], Coates Library Digital Collections, Trinity University, San Antonio, Texas.",,2021-03-25,2021-03-25,http://cdm16264.contentdm.oclc.org/cdm/ref/collection/sa1921flood/id/28,28,26.jp2,/sa1921flood/image/26.jp2
sa1921flood29,Mitchell Place Advertisement,N.S. Dickinson & Co.,,Mitchell Place was advertised to white working-class buyers seeking a segregated neighborhood.,real estate development; advertisements,San Antonio (Tex.),,"Elizabeth Huth Coates Library Special Collections & Archives, Trinity University.",2021,"Materials in this collection were acquired from Dr. Char Miller, the W.M. Keck Professor of Environmental Analysis and History at Pomona College.  Digitization was performed by students Anam Mehta (Pomona College), Natalie Quek (Scripps College), and Katie Graham (Scripps College).","This item may be protected by copyright law (Title 17, U.S. Code). It may only be used for noncommercial educational and scholarly purposes. Please contact Special Collections and University Archives at archives@trinity.edu to inquire about permission to use a specific digital resource.",Photographic prints,image/jpeg,,eng,"[Image title], Coates Library Digital Collections, Trinity University, San Antonio, Texas.",,2021-03-25,2021-03-25,http://cdm16264.contentdm.oclc.org/cdm/ref/collection/sa1921flood/id/29,29,32.jp2,/sa1921flood/image/32.jp2
sa1921flood30,Aerial Mosaic Showing Guilbeau Street Cut-off,United States. Army. Corps of Engineers,1921,"Transcription: Exhibit L. Aerial Mosaic Showing Guilbeau Street Cut-off. Photos by 1st Lts. Halsey L. Bingham and Harold L. Rivers, Air Service.",floods; aerial photographs,San Antonio (Tex.),,"Elizabeth Huth Coates Library Special Collections & Archives, Trinity University.",2021,"Materials in this collection were acquired from Dr. Char Miller, the W.M. Keck Professor of Environmental Analysis and History at Pomona College.  Digitization was performed by students Anam Mehta (Pomona College), Natalie Quek (Scripps College), and Katie Graham (Scripps College).","This item may be protected by copyright law (Title 17, U.S. Code). It may only be used for noncommercial educational and scholarly purposes. Please contact Special Collections and University Archives at archives@trinity.edu to inquire about permission to use a specific digital resource.",Photographic prints,image/jpeg,L035,eng,"[Image title], Coates Library Digital Collections, Trinity University, San Antonio, Texas.",,2021-03-25,2021-03-25,http://cdm16264.contentdm.oclc.org/cdm/ref/collection/sa1921flood/id/30,30,29.jp2,/sa1921flood/image/29.jp2
sa1921flood31,San Antonio River Showing Locations of Cut Offs,United States. Army. Corps of Engineers,1921,"Transcription: San Antonio River Showing Locations of Cut Offs. Office of Corps Engineer Eighth Area. September, 1921. Yellow Lines Cut off proposed by Metcalf & Eddy. Red Lines Further Cut off suggested. Green Lines cut off now made",floods; maps,San Antonio (Tex.),,"Elizabeth Huth Coates Library Special Collections & Archives, Trinity University.",2021,"Materials in this collection were acquired from Dr. Char Miller, the W.M. Keck Professor of Environmental Analysis and History at Pomona College.  Digitization was performed by students Anam Mehta (Pomona College), Natalie Quek (Scripps College), and Katie Graham (Scripps College).","This item may be protected by copyright law (Title 17, U.S. Code). It may only be used for noncommercial educational and scholarly purposes. Please contact Special Collections and University Archives at archives@trinity.edu to inquire about permission to use a specific digital resource.",Photographic prints,image/jpeg,SAriverfull,eng,"[Image title], Coates Library Digital Collections, Trinity University, San Antonio, Texas.",,2021-03-25,2021-03-25,http://cdm16264.contentdm.oclc.org/cdm/ref/collection/sa1921flood/id/31,31,33.jp2,/sa1921flood/image/33.jp2
sa1921flood32,Key Map Showing Areas Covered by Aerial Mosaics,United States. Army. Corps of Engineers,1921,Transcription: Key map showing areas covered by aerial mosaics. Office of Corps Engineer Eighth Area.,floods; maps,San Antonio (Tex.),,"Elizabeth Huth Coates Library Special Collections & Archives, Trinity University.",2021,"Materials in this collection were acquired from Dr. Char Miller, the W.M. Keck Professor of Environmental Analysis and History at Pomona College.  Digitization was performed by students Anam Mehta (Pomona College), Natalie Quek (Scripps College), and Katie Graham (Scripps College).","This item may be protected by copyright law (Title 17, U.S. Code). It may only be used for noncommercial educational and scholarly purposes. Please contact Special Collections and University Archives at archives@trinity.edu to inquire about permission to use a specific digital resource.",Photographic prints,image/jpeg,AerialMosaics3,eng,"[Image title], Coates Library Digital Collections, Trinity University, San Antonio, Texas.",,2021-03-25,2021-03-25,http://cdm16264.contentdm.oclc.org/cdm/ref/collection/sa1921flood/id/32,32,31.jp2,/sa1921flood/image/31.jp2